run_id,matchup,iters,game_num,move_num,mode_moving,chosen_col,win_rate_chosen,avg_tree_depth,move_time_s,cache_direct_hits,cache_direct_misses,cache_move_hits,cache_move_misses
20260311_003005,baseline_vs_direct,50,1,1,direct,5,1.0,1.83,0.005,12,0,0,0
20260311_003005,baseline_vs_direct,50,1,2,baseline,5,0.7143,2.46,0.645,12,0,0,0
20260311_003005,baseline_vs_direct,50,1,3,direct,6,1.0,1.83,20.454,12,12,0,0
20260311_003005,baseline_vs_direct,50,1,4,baseline,4,0.6667,2.41,0.546,12,12,0,0
20260311_003005,baseline_vs_direct,50,1,5,direct,6,1.0,1.83,16.494,12,24,0,0
20260311_003005,baseline_vs_direct,50,1,6,baseline,5,0.8571,2.48,0.441,12,24,0,0
20260311_003005,baseline_vs_direct,50,1,7,direct,6,1.0,1.83,19.873,12,36,0,0
20260311_003005,baseline_vs_direct,50,1,8,baseline,6,0.4615,2.5,0.164,12,36,0,0
20260311_003005,baseline_vs_direct,50,1,9,direct,6,1.0,1.83,15.683,12,48,0,0
20260311_003005,baseline_vs_direct,50,1,10,baseline,3,1.0,2.47,0.23,12,48,0,0
20260311_003005,baseline_vs_direct,50,1,11,direct,4,0.5,1.78,7.754,12,54,0,0
20260311_003005,baseline_vs_direct,50,1,12,baseline,5,1.0,2.52,0.232,12,54,0,0
20260311_003005,baseline_vs_direct,50,1,13,direct,5,0.5,1.78,11.655,12,60,0,0
20260311_003005,baseline_vs_direct,50,1,14,baseline,4,1.0,2.47,0.535,12,60,0,0
20260311_003005,baseline_vs_direct,50,1,15,direct,6,1.0,1.83,15.915,12,72,0,0
20260311_003005,baseline_vs_direct,50,1,16,baseline,1,1.0,2.66,0.259,12,72,0,0
20260311_003005,baseline_vs_direct,50,1,17,direct,2,0.5,1.87,9.634,12,79,0,0
20260311_003005,baseline_vs_direct,50,1,18,baseline,4,1.0,2.63,3.843,12,79,0,0
20260311_003005,baseline_vs_direct,50,1,19,direct,0,0.5,1.87,15.826,12,91,0,0
20260311_003005,baseline_vs_direct,50,1,20,baseline,1,1.0,2.61,0.27,12,91,0,0
20260311_003005,baseline_vs_direct,50,1,21,direct,0,0.5,1.87,15.459,12,103,0,0
20260311_003005,baseline_vs_direct,50,1,22,baseline,1,1.0,2.61,0.165,12,103,0,0
20260311_003005,baseline_vs_direct,50,1,23,direct,0,0.5,1.87,10.48,12,109,0,0
20260311_003005,baseline_vs_direct,50,1,24,baseline,1,1.0,2.45,0.034,12,109,0,0
20260311_003005,baseline_vs_direct,50,2,1,baseline,2,0.6667,2.45,0.964,12,109,0,0
20260311_003005,baseline_vs_direct,50,2,2,direct,6,1.0,1.83,0.009,24,109,0,0
20260311_003005,baseline_vs_direct,50,2,3,baseline,1,0.625,2.36,0.867,24,109,0,0
20260311_003005,baseline_vs_direct,50,2,4,direct,6,1.0,1.83,15.701,24,121,0,0
20260311_003005,baseline_vs_direct,50,2,5,baseline,3,1.0,2.42,0.466,24,121,0,0
20260311_003005,baseline_vs_direct,50,2,6,direct,0,0.0,1.78,6.375,24,126,0,0
20260311_003005,baseline_vs_direct,50,2,7,baseline,4,1.0,2.37,0.143,24,126,0,0
20260311_003005,baseline_vs_direct,50,3,1,direct,5,1.0,1.83,0.01,36,126,0,0
20260311_003005,baseline_vs_direct,50,3,2,baseline,1,0.6667,2.48,0.968,36,126,0,0
20260311_003005,baseline_vs_direct,50,3,3,direct,5,1.0,1.83,15.072,38,136,0,0
20260311_003005,baseline_vs_direct,50,3,4,baseline,1,0.5,2.43,0.945,38,136,0,0
20260311_003005,baseline_vs_direct,50,3,5,direct,6,1.0,1.83,15.412,38,148,0,0
20260311_003005,baseline_vs_direct,50,3,6,baseline,1,0.8333,2.47,0.515,38,148,0,0
20260311_003005,baseline_vs_direct,50,3,7,direct,1,0.5,1.83,10.532,38,153,0,0
20260311_003005,baseline_vs_direct,50,3,8,baseline,3,0.6364,2.49,0.567,38,153,0,0
20260311_003005,baseline_vs_direct,50,3,9,direct,6,1.0,1.83,16.324,38,165,0,0
20260311_003005,baseline_vs_direct,50,3,10,baseline,2,1.0,2.46,0.172,38,165,0,0
20260311_003005,baseline_vs_direct,50,3,11,direct,0,0.0,1.73,4.914,38,169,0,0
20260311_003005,baseline_vs_direct,50,3,12,baseline,4,1.0,2.38,0.148,38,169,0,0
20260311_003005,baseline_vs_direct,50,4,1,baseline,0,0.7,2.46,1.156,38,169,0,0
20260311_003005,baseline_vs_direct,50,4,2,direct,6,1.0,1.83,0.009,50,169,0,0
20260311_003005,baseline_vs_direct,50,4,3,baseline,2,0.7,2.38,1.024,50,169,0,0
20260311_003005,baseline_vs_direct,50,4,4,direct,6,1.0,1.83,17.443,51,180,0,0
20260311_003005,baseline_vs_direct,50,4,5,baseline,3,0.8667,2.55,0.475,51,180,0,0
20260311_003005,baseline_vs_direct,50,4,6,direct,1,0.5,1.78,7.737,51,186,0,0
20260311_003005,baseline_vs_direct,50,4,7,baseline,4,1.0,2.46,0.417,51,186,0,0
20260311_003005,baseline_vs_direct,50,4,8,direct,5,0.5,1.78,7.708,51,192,0,0
20260311_003005,baseline_vs_direct,50,4,9,baseline,6,0.6364,2.52,0.888,51,192,0,0
20260311_003005,baseline_vs_direct,50,4,10,direct,6,1.0,1.83,19.127,51,204,0,0
20260311_003005,baseline_vs_direct,50,4,11,baseline,3,0.7,2.42,0.579,51,204,0,0
20260311_003005,baseline_vs_direct,50,4,12,direct,5,1.0,1.83,15.639,51,216,0,0
20260311_003005,baseline_vs_direct,50,4,13,baseline,3,0.9091,2.44,0.327,51,216,0,0
20260311_003005,baseline_vs_direct,50,4,14,direct,3,0.5,1.83,12.883,51,223,0,0
20260311_003005,baseline_vs_direct,50,4,15,baseline,2,0.5455,2.42,0.229,51,223,0,0
20260311_003005,baseline_vs_direct,50,4,16,direct,4,1.0,1.83,14.769,51,234,0,0
20260311_003005,baseline_vs_direct,50,4,17,baseline,4,0.9231,2.46,0.052,51,234,0,0
20260311_003005,baseline_vs_direct,50,4,18,direct,0,0.0,1.78,6.533,51,239,0,0
20260311_003005,baseline_vs_direct,50,4,19,baseline,5,1.0,2.34,0.042,51,239,0,0
20260311_003005,baseline_vs_direct,50,5,1,direct,6,1.0,1.83,0.016,63,239,0,0
20260311_003005,baseline_vs_direct,50,5,2,baseline,1,0.6364,2.44,1.137,63,239,0,0
20260311_003005,baseline_vs_direct,50,5,3,direct,6,1.0,1.83,18.577,64,250,0,0
20260311_003005,baseline_vs_direct,50,5,4,baseline,6,0.6875,2.57,0.982,64,250,0,0
20260311_003005,baseline_vs_direct,50,5,5,direct,5,1.0,1.83,15.208,64,262,0,0
20260311_003005,baseline_vs_direct,50,5,6,baseline,4,0.7273,2.45,0.789,64,262,0,0
20260311_003005,baseline_vs_direct,50,5,7,direct,6,1.0,1.83,18.736,64,274,0,0
20260311_003005,baseline_vs_direct,50,5,8,baseline,2,1.0,2.42,0.647,64,274,0,0
20260311_003005,baseline_vs_direct,50,5,9,direct,3,0.5,1.83,9.086,64,281,0,0
20260311_003005,baseline_vs_direct,50,5,10,baseline,0,0.4444,2.4,0.718,64,281,0,0
20260311_003005,baseline_vs_direct,50,5,11,direct,6,1.0,1.83,19.789,64,293,0,0
20260311_003005,baseline_vs_direct,50,5,12,baseline,2,0.75,2.49,0.498,64,293,0,0
20260311_003005,baseline_vs_direct,50,5,13,direct,4,1.0,1.83,13.318,64,304,0,0
20260311_003005,baseline_vs_direct,50,5,14,baseline,2,0.5,2.45,0.272,64,304,0,0
20260311_003005,baseline_vs_direct,50,5,15,direct,0,0.5,1.83,6.578,64,308,0,0
20260311_003005,baseline_vs_direct,50,5,16,baseline,2,1.0,2.35,0.049,64,308,0,0
20260311_003005,baseline_vs_direct,50,6,1,baseline,0,0.7778,2.42,0.995,64,308,0,0
20260311_003005,baseline_vs_direct,50,6,2,direct,6,1.0,1.83,0.009,76,308,0,0
20260311_003005,baseline_vs_direct,50,6,3,baseline,6,0.7,2.46,1.029,76,308,0,0
20260311_003005,baseline_vs_direct,50,6,4,direct,6,1.0,1.83,19.059,76,320,0,0
20260311_003005,baseline_vs_direct,50,6,5,baseline,1,0.625,2.37,0.941,76,320,0,0
20260311_003005,baseline_vs_direct,50,6,6,direct,5,1.0,1.83,14.436,76,332,0,0
20260311_003005,baseline_vs_direct,50,6,7,baseline,3,0.9167,2.52,0.508,76,332,0,0
20260311_003005,baseline_vs_direct,50,6,8,direct,2,0.5,1.78,7.483,76,338,0,0
20260311_003005,baseline_vs_direct,50,6,9,baseline,3,0.75,2.51,4.462,76,338,0,0
20260311_003005,baseline_vs_direct,50,6,10,direct,6,1.0,1.83,15.469,76,350,0,0
20260311_003005,baseline_vs_direct,50,6,11,baseline,3,1.0,2.46,0.471,76,350,0,0
20260311_003005,baseline_vs_direct,50,6,12,direct,3,0.5,1.78,7.918,76,356,0,0
20260311_003005,baseline_vs_direct,50,6,13,baseline,6,0.9091,2.49,0.504,76,356,0,0
20260311_003005,baseline_vs_direct,50,6,14,direct,6,1.0,1.83,19.44,76,368,0,0
20260311_003005,baseline_vs_direct,50,6,15,baseline,3,0.9,2.59,0.348,76,368,0,0
20260311_003005,baseline_vs_direct,50,6,16,direct,0,0.5,1.87,15.34,77,379,0,0
20260311_003005,baseline_vs_direct,50,6,17,baseline,1,1.0,2.67,0.333,77,379,0,0
20260311_003005,baseline_vs_direct,50,6,18,direct,0,0.5,1.87,19.081,77,391,0,0
20260311_003005,baseline_vs_direct,50,6,19,baseline,1,0.9091,2.59,0.223,77,391,0,0
20260311_003005,baseline_vs_direct,50,6,20,direct,0,0.5,1.87,9.314,77,397,0,0
20260311_003005,baseline_vs_direct,50,6,21,baseline,1,1.0,2.39,0.033,77,397,0,0
20260311_003005,baseline_vs_direct,50,7,1,direct,5,1.0,1.83,0.013,89,397,0,0
20260311_003005,baseline_vs_direct,50,7,2,baseline,3,0.6923,2.48,0.985,89,397,0,0
20260311_003005,baseline_vs_direct,50,7,3,direct,6,1.0,1.83,11.848,92,406,0,0
20260311_003005,baseline_vs_direct,50,7,4,baseline,0,0.8333,2.46,0.912,92,406,0,0
20260311_003005,baseline_vs_direct,50,7,5,direct,6,1.0,1.83,17.817,92,418,0,0
20260311_003005,baseline_vs_direct,50,7,6,baseline,2,1.0,2.44,0.559,92,418,0,0
20260311_003005,baseline_vs_direct,50,7,7,direct,1,0.5,1.83,8.714,92,425,0,0
20260311_003005,baseline_vs_direct,50,7,8,baseline,2,0.5556,2.39,0.722,92,425,0,0
20260311_003005,baseline_vs_direct,50,7,9,direct,5,1.0,1.83,18.211,92,437,0,0
20260311_003005,baseline_vs_direct,50,7,10,baseline,2,0.7857,2.47,0.453,92,437,0,0
20260311_003005,baseline_vs_direct,50,7,11,direct,2,0.5,1.83,9.405,92,444,0,0
20260311_003005,baseline_vs_direct,50,7,12,baseline,6,0.6364,2.46,0.414,92,444,0,0
20260311_003005,baseline_vs_direct,50,7,13,direct,5,1.0,1.83,20.461,92,455,0,0
20260311_003005,baseline_vs_direct,50,7,14,baseline,5,0.4667,2.48,0.235,92,455,0,0
20260311_003005,baseline_vs_direct,50,7,15,direct,3,1.0,1.83,15.624,92,466,0,0
20260311_003005,baseline_vs_direct,50,7,16,baseline,5,0.3333,2.44,0.372,92,466,0,0
20260311_003005,baseline_vs_direct,50,7,17,direct,3,1.0,1.83,14.296,92,476,0,0
20260311_003005,baseline_vs_direct,50,7,18,baseline,3,0.75,2.6,0.153,92,476,0,0
20260311_003005,baseline_vs_direct,50,7,19,direct,0,0.5,1.83,10.822,92,481,0,0
20260311_003005,baseline_vs_direct,50,7,20,baseline,1,1.0,2.43,0.063,92,481,0,0
20260311_003005,baseline_vs_direct,50,8,1,baseline,3,0.6364,2.44,1.249,92,481,0,0
20260311_003005,baseline_vs_direct,50,8,2,direct,6,1.0,1.83,0.007,104,481,0,0
20260311_003005,baseline_vs_direct,50,8,3,baseline,0,1.0,2.44,0.835,104,481,0,0
20260311_003005,baseline_vs_direct,50,8,4,direct,6,1.0,1.83,15.816,105,492,0,0
20260311_003005,baseline_vs_direct,50,8,5,baseline,1,1.0,2.5,0.517,105,492,0,0
20260311_003005,baseline_vs_direct,50,8,6,direct,2,0.5,1.78,12.956,105,498,0,0
20260311_003005,baseline_vs_direct,50,8,7,baseline,5,0.6667,2.42,0.716,105,498,0,0
20260311_003005,baseline_vs_direct,50,8,8,direct,6,1.0,1.83,17.289,105,510,0,0
20260311_003005,baseline_vs_direct,50,8,9,baseline,6,0.6842,2.56,0.427,105,510,0,0
20260311_003005,baseline_vs_direct,50,8,10,direct,6,1.0,1.83,20.33,105,522,0,0
20260311_003005,baseline_vs_direct,50,8,11,baseline,5,0.7778,2.44,0.602,105,522,0,0
20260311_003005,baseline_vs_direct,50,8,12,direct,6,1.0,1.83,16.438,105,534,0,0
20260311_003005,baseline_vs_direct,50,8,13,baseline,5,1.0,2.57,0.395,105,534,0,0
20260311_003005,baseline_vs_direct,50,8,14,direct,5,0.5,1.87,13.857,105,541,0,0
20260311_003005,baseline_vs_direct,50,8,15,baseline,1,0.9,2.59,0.366,105,541,0,0
20260311_003005,baseline_vs_direct,50,8,16,direct,0,0.5,1.87,15.932,105,552,0,0
20260311_003005,baseline_vs_direct,50,8,17,baseline,3,1.0,2.59,0.243,105,552,0,0
20260311_003005,baseline_vs_direct,50,8,18,direct,0,0.5,1.87,19.993,105,563,0,0
20260311_003005,baseline_vs_direct,50,8,19,baseline,0,0.8889,2.62,0.155,105,563,0,0
20260311_003005,baseline_vs_direct,50,8,20,direct,0,0.5,1.87,15.191,105,574,0,0
20260311_003005,baseline_vs_direct,50,8,21,baseline,0,1.0,2.59,0.122,105,574,0,0
20260311_003005,baseline_vs_direct,50,8,22,direct,3,0.5,1.96,20.162,105,585,0,0
20260311_003005,baseline_vs_direct,50,8,23,baseline,1,1.0,2.78,0.09,105,585,0,0
20260311_003005,baseline_vs_direct,50,8,24,direct,1,0.0,1.91,9.057,105,591,0,0
20260311_003005,baseline_vs_direct,50,8,25,baseline,2,1.0,2.75,0.049,105,591,0,0
20260311_003005,baseline_vs_direct,50,9,1,direct,6,1.0,1.83,0.01,117,591,0,0
20260311_003005,baseline_vs_direct,50,9,2,baseline,0,0.4444,2.4,1.026,117,591,0,0
20260311_003005,baseline_vs_direct,50,9,3,direct,5,1.0,1.83,17.652,117,603,0,0
20260311_003005,baseline_vs_direct,50,9,4,baseline,3,0.5833,2.52,0.842,117,603,0,0
20260311_003005,baseline_vs_direct,50,9,5,direct,6,1.0,1.83,16.275,120,612,0,0
20260311_003005,baseline_vs_direct,50,9,6,baseline,1,1.0,2.46,0.549,120,612,0,0
20260311_003005,baseline_vs_direct,50,9,7,direct,2,0.5,1.78,8.83,120,618,0,0
20260311_003005,baseline_vs_direct,50,9,8,baseline,6,0.6667,2.45,0.64,120,618,0,0
20260311_003005,baseline_vs_direct,50,9,9,direct,6,1.0,1.83,23.21,120,630,0,0
20260311_003005,baseline_vs_direct,50,9,10,baseline,0,0.8235,2.54,0.73,120,630,0,0
20260311_003005,baseline_vs_direct,50,9,11,direct,6,1.0,1.83,17.672,120,642,0,0
20260311_003005,baseline_vs_direct,50,9,12,baseline,0,0.9231,2.53,0.569,120,642,0,0
20260311_003005,baseline_vs_direct,50,9,13,direct,0,0.5,1.78,12.245,120,648,0,0
20260311_003005,baseline_vs_direct,50,9,14,baseline,1,0.6667,2.45,0.544,120,648,0,0
20260311_003005,baseline_vs_direct,50,9,15,direct,6,1.0,1.83,18.575,120,660,0,0
20260311_003005,baseline_vs_direct,50,9,16,baseline,2,1.0,2.65,0.264,120,660,0,0
20260311_003005,baseline_vs_direct,50,9,17,direct,3,0.5,1.87,10.099,120,667,0,0
20260311_003005,baseline_vs_direct,50,9,18,baseline,1,0.8824,2.67,3.829,120,667,0,0
20260311_003005,baseline_vs_direct,50,9,19,direct,1,0.5,1.87,8.993,120,674,0,0
20260311_003005,baseline_vs_direct,50,9,20,baseline,2,0.95,2.7,0.113,120,674,0,0
20260311_003005,baseline_vs_direct,50,9,21,direct,5,0.5,1.87,5.903,120,679,0,0
20260311_003005,baseline_vs_direct,50,9,22,baseline,3,1.0,2.52,0.037,120,679,0,0
20260311_003005,baseline_vs_direct,50,10,1,baseline,0,0.6,2.47,0.999,120,679,0,0
20260311_003005,baseline_vs_direct,50,10,2,direct,6,1.0,1.83,0.012,132,679,0,0
20260311_003005,baseline_vs_direct,50,10,3,baseline,4,0.7,2.44,1.008,132,679,0,0
20260311_003005,baseline_vs_direct,50,10,4,direct,6,1.0,1.83,19.883,133,690,0,0
20260311_003005,baseline_vs_direct,50,10,5,baseline,5,0.6667,2.44,0.801,133,690,0,0
20260311_003005,baseline_vs_direct,50,10,6,direct,6,1.0,1.83,15.787,133,702,0,0
20260311_003005,baseline_vs_direct,50,10,7,baseline,2,0.5,2.4,0.214,133,702,0,0
20260311_003005,baseline_vs_direct,50,10,8,direct,6,1.0,1.7,1.455,133,703,0,0
20260311_003005,baseline_vs_hybrid,50,1,1,hybrid,2,1.0,1.83,52.737,133,703,0,36
20260311_003005,baseline_vs_hybrid,50,1,2,baseline,0,0.6667,2.42,1.082,133,703,0,36
20260311_003005,baseline_vs_hybrid,50,1,3,hybrid,0,1.0,1.78,47.621,133,703,0,71
20260311_003005,baseline_vs_hybrid,50,1,4,baseline,1,0.7273,2.47,0.979,133,703,0,71
20260311_003005,baseline_vs_hybrid,50,1,5,hybrid,2,1.0,1.83,46.434,133,703,1,105
20260311_003005,baseline_vs_hybrid,50,1,6,baseline,1,0.3333,2.35,0.854,133,703,1,105
20260311_003005,baseline_vs_hybrid,50,1,7,hybrid,1,1.0,1.83,51.627,133,703,1,141
20260311_003005,baseline_vs_hybrid,50,1,8,baseline,3,0.625,2.39,0.556,133,703,1,141
20260311_003005,baseline_vs_hybrid,50,1,9,hybrid,0,1.0,1.78,39.669,133,703,2,173
20260311_003005,baseline_vs_hybrid,50,1,10,baseline,2,0.5,2.44,0.351,133,703,2,173
20260311_003005,baseline_vs_hybrid,50,1,11,hybrid,0,0.6667,1.78,42.328,133,703,4,204
20260311_003005,baseline_vs_hybrid,50,1,12,baseline,0,0.8095,2.6,0.306,133,703,4,204
20260311_003005,baseline_vs_hybrid,50,1,13,hybrid,2,0.6667,1.83,43.464,133,703,5,236
20260311_003005,baseline_vs_hybrid,50,1,14,baseline,1,1.0,2.52,0.217,133,703,5,236
20260311_003005,baseline_vs_hybrid,50,1,15,hybrid,0,0.0,1.83,19.512,133,703,6,248
20260311_003005,baseline_vs_hybrid,50,1,16,baseline,3,1.0,2.58,0.131,133,703,6,248
20260311_003005,baseline_vs_hybrid,50,2,1,baseline,2,0.6667,2.45,1.13,133,703,6,248
20260311_003005,baseline_vs_hybrid,50,2,2,hybrid,1,0.5,1.78,40.194,133,703,11,279
20260311_003005,baseline_vs_hybrid,50,2,3,baseline,1,0.625,2.38,0.904,133,703,11,279
20260311_003005,baseline_vs_hybrid,50,2,4,hybrid,4,0.5,1.78,45.446,133,703,12,314
20260311_003005,baseline_vs_hybrid,50,2,5,baseline,1,0.8462,2.44,0.955,133,703,12,314
20260311_003005,baseline_vs_hybrid,50,2,6,hybrid,1,0.5,1.78,49.181,133,703,14,348
20260311_003005,baseline_vs_hybrid,50,2,7,baseline,2,0.7273,2.4,0.599,133,703,14,348
20260311_003005,baseline_vs_hybrid,50,2,8,hybrid,2,0.6667,1.83,50.277,133,703,14,382
20260311_003005,baseline_vs_hybrid,50,2,9,baseline,5,0.5,2.46,0.327,133,703,14,382
20260311_003005,baseline_vs_hybrid,50,2,10,hybrid,6,1.0,1.83,48.189,133,703,17,412
20260311_003005,baseline_vs_hybrid,50,2,11,baseline,4,0.6364,2.44,0.335,133,703,17,412
20260311_003005,baseline_vs_hybrid,50,2,12,hybrid,6,1.0,1.78,41.537,133,703,20,439
20260311_003005,baseline_vs_hybrid,50,2,13,baseline,3,0.6667,2.37,0.319,133,703,20,439
20260311_003005,baseline_vs_hybrid,50,2,14,hybrid,3,1.0,1.61,0.007,133,703,20,439
20260311_003005,baseline_vs_hybrid,50,3,1,hybrid,1,0.5,1.78,42.258,133,703,27,468
20260311_003005,baseline_vs_hybrid,50,3,2,baseline,4,0.5455,2.46,0.992,133,703,27,468
20260311_003005,baseline_vs_hybrid,50,3,3,hybrid,5,1.0,1.78,64.011,133,703,27,504
20260311_003005,baseline_vs_hybrid,50,3,4,baseline,5,0.7273,2.46,0.926,133,703,27,504
20260311_003005,baseline_vs_hybrid,50,3,5,hybrid,0,1.0,1.78,54.797,133,703,27,540
20260311_003005,baseline_vs_hybrid,50,3,6,baseline,4,0.5,2.45,0.935,133,703,27,540
20260311_003005,baseline_vs_hybrid,50,3,7,hybrid,2,1.0,1.78,42.238,133,703,27,568
20260311_003005,baseline_vs_hybrid,50,3,8,baseline,3,0.75,2.61,0.254,133,703,27,568
20260311_003005,baseline_vs_hybrid,50,3,9,hybrid,2,1.0,1.78,53.244,133,703,29,602
20260311_003005,baseline_vs_hybrid,50,3,10,baseline,4,0.9167,2.48,0.463,133,703,29,602
20260311_003005,baseline_vs_hybrid,50,3,11,hybrid,4,1.0,1.78,18.497,133,703,30,616
20260311_003005,baseline_vs_hybrid,50,3,12,baseline,0,0.5,2.48,0.312,133,703,30,616
20260311_003005,baseline_vs_hybrid,50,3,13,hybrid,0,1.0,1.83,49.885,133,703,30,647
20260311_003005,baseline_vs_hybrid,50,3,14,baseline,1,0.4,2.41,0.315,133,703,30,647
20260311_003005,baseline_vs_hybrid,50,3,15,hybrid,0,1.0,1.78,43.938,133,703,30,676
20260311_003005,baseline_vs_hybrid,50,3,16,baseline,0,0.5455,2.41,0.251,133,703,30,676
20260311_003005,baseline_vs_hybrid,50,3,17,hybrid,2,1.0,1.78,47.412,133,703,30,707
20260311_003005,baseline_vs_hybrid,50,3,18,baseline,2,0.4615,2.47,0.174,133,703,30,707
20260311_003005,baseline_vs_hybrid,50,3,19,hybrid,1,1.0,1.78,51.767,133,703,31,737
20260311_003005,baseline_vs_hybrid,50,3,20,baseline,6,0.6667,2.43,0.188,133,703,31,737
20260311_003005,baseline_vs_hybrid,50,3,21,hybrid,6,0.6667,1.78,54.36,133,703,31,772
20260311_003005,baseline_vs_hybrid,50,3,22,baseline,4,0.6,2.54,0.215,133,703,31,772
20260311_003005,baseline_vs_hybrid,50,3,23,hybrid,3,1.0,1.83,39.68,133,703,31,797
20260311_003005,baseline_vs_hybrid,50,3,24,baseline,3,0.913,2.62,0.113,133,703,31,797
20260311_003005,baseline_vs_hybrid,50,3,25,hybrid,3,0.5,1.78,21.833,133,703,32,810
20260311_003005,baseline_vs_hybrid,50,3,26,baseline,5,1.0,2.44,0.154,133,703,32,810
20260311_003005,baseline_vs_hybrid,50,3,27,hybrid,1,0.5,1.78,19.964,133,703,35,822
20260311_003005,baseline_vs_hybrid,50,3,28,baseline,1,1.0,2.35,0.04,133,703,35,822
20260311_003005,baseline_vs_hybrid,50,4,1,baseline,0,0.7,2.46,1.276,133,703,35,822
20260311_003005,baseline_vs_hybrid,50,4,2,hybrid,5,0.6667,1.78,43.282,133,703,42,851
20260311_003005,baseline_vs_hybrid,50,4,3,baseline,1,0.6667,2.42,0.89,133,703,42,851
20260311_003005,baseline_vs_hybrid,50,4,4,hybrid,5,1.0,1.78,50.159,133,703,42,883
20260311_003005,baseline_vs_hybrid,50,4,5,baseline,2,0.9167,2.54,0.614,133,703,42,883
20260311_003005,baseline_vs_hybrid,50,4,6,hybrid,1,0.5,1.78,19.843,133,703,42,895
20260311_003005,baseline_vs_hybrid,50,4,7,baseline,3,1.0,2.38,0.116,133,703,42,895
20260311_003005,baseline_vs_hybrid,50,5,1,hybrid,0,0.75,1.78,39.617,133,703,52,921
20260311_003005,baseline_vs_hybrid,50,5,2,baseline,4,0.6364,2.43,0.867,133,703,52,921
20260311_003005,baseline_vs_hybrid,50,5,3,hybrid,2,0.5,1.78,60.283,133,703,53,956
20260311_003005,baseline_vs_hybrid,50,5,4,baseline,3,0.6923,2.49,0.921,133,703,53,956
20260311_003005,baseline_vs_hybrid,50,5,5,hybrid,6,0.6667,1.78,44.773,133,703,59,984
20260311_003005,baseline_vs_hybrid,50,5,6,baseline,3,0.7273,2.46,0.64,133,703,59,984
20260311_003005,baseline_vs_hybrid,50,5,7,hybrid,1,0.5,1.78,57.259,133,703,59,1019
20260311_003005,baseline_vs_hybrid,50,5,8,baseline,3,0.9,2.4,0.693,133,703,59,1019
20260311_003005,baseline_vs_hybrid,50,5,9,hybrid,3,0.5,1.78,19.516,133,703,61,1033
20260311_003005,baseline_vs_hybrid,50,5,10,baseline,0,0.75,2.35,0.585,133,703,61,1033
20260311_003005,baseline_vs_hybrid,50,5,11,hybrid,0,1.0,1.83,56.707,133,703,61,1067
20260311_003005,baseline_vs_hybrid,50,5,12,baseline,1,0.9091,2.49,0.29,133,703,61,1067
20260311_003005,baseline_vs_hybrid,50,5,13,hybrid,0,0.0,1.78,11.804,133,703,63,1075
20260311_003005,baseline_vs_hybrid,50,5,14,baseline,2,1.0,2.34,0.07,133,703,63,1075
20260311_003005,baseline_vs_hybrid,50,6,1,baseline,0,0.7778,2.42,0.896,133,703,63,1075
20260311_003005,baseline_vs_hybrid,50,6,2,hybrid,5,1.0,1.78,44.215,133,703,71,1103
20260311_003005,baseline_vs_hybrid,50,6,3,baseline,1,0.5556,2.42,0.829,133,703,71,1103
20260311_003005,baseline_vs_hybrid,50,6,4,hybrid,5,1.0,1.78,51.058,133,703,74,1136
20260311_003005,baseline_vs_hybrid,50,6,5,baseline,3,0.8462,2.5,0.522,133,703,74,1136
20260311_003005,baseline_vs_hybrid,50,6,6,hybrid,2,1.0,1.78,13.923,133,703,78,1146
20260311_003005,baseline_vs_hybrid,50,6,7,baseline,2,0.75,2.48,0.717,133,703,78,1146
20260311_003005,baseline_vs_hybrid,50,6,8,hybrid,5,1.0,1.78,44.325,133,703,78,1177
20260311_003005,baseline_vs_hybrid,50,6,9,baseline,5,0.4167,2.42,0.177,133,703,78,1177
20260311_003005,baseline_vs_hybrid,50,6,10,hybrid,3,0.6667,1.78,62.262,133,703,78,1213
20260311_003005,baseline_vs_hybrid,50,6,11,baseline,2,0.7273,2.46,0.495,133,703,78,1213
20260311_003005,baseline_vs_hybrid,50,6,12,hybrid,0,0.5,1.83,57.167,133,703,78,1249
20260311_003005,baseline_vs_hybrid,50,6,13,baseline,2,0.9167,2.44,0.395,133,703,78,1249
20260311_003005,baseline_vs_hybrid,50,6,14,hybrid,0,0.5,1.78,21.9,133,703,78,1265
20260311_003005,baseline_vs_hybrid,50,6,15,baseline,2,1.0,2.36,0.101,133,703,78,1265
20260311_003005,baseline_vs_hybrid,50,7,1,hybrid,6,1.0,1.78,27.798,133,703,97,1282
20260311_003005,baseline_vs_hybrid,50,7,2,baseline,0,0.625,2.36,0.86,133,703,97,1282
20260311_003005,baseline_vs_hybrid,50,7,3,hybrid,5,0.6667,1.78,48.915,133,703,103,1312
20260311_003005,baseline_vs_hybrid,50,7,4,baseline,0,0.5,2.46,0.789,133,703,103,1312
20260311_003005,baseline_vs_hybrid,50,7,5,hybrid,3,1.0,1.83,40.709,133,703,104,1338
20260311_003005,baseline_vs_hybrid,50,7,6,baseline,0,0.4167,2.49,0.178,133,703,104,1338
20260311_003005,baseline_vs_hybrid,50,7,7,hybrid,4,1.0,1.7,8.279,133,703,104,1344
20260311_003005,baseline_vs_hybrid,50,8,1,baseline,3,0.6364,2.44,0.823,133,703,104,1344
20260311_003005,baseline_vs_hybrid,50,8,2,hybrid,5,1.0,1.78,46.139,133,703,110,1374
20260311_003005,baseline_vs_hybrid,50,8,3,baseline,4,0.7273,2.48,1.087,133,703,110,1374
20260311_003005,baseline_vs_hybrid,50,8,4,hybrid,6,1.0,1.83,55.619,133,703,110,1408
20260311_003005,baseline_vs_hybrid,50,8,5,baseline,2,1.0,2.54,0.448,133,703,110,1408
20260311_003005,baseline_vs_hybrid,50,8,6,hybrid,4,0.5,1.78,25.844,133,703,110,1424
20260311_003005,baseline_vs_hybrid,50,8,7,baseline,1,1.0,2.36,0.139,133,703,110,1424
20260311_003005,baseline_vs_hybrid,50,9,1,hybrid,3,1.0,1.78,18.906,133,703,133,1437
20260311_003005,baseline_vs_hybrid,50,9,2,baseline,1,0.5,2.44,1.039,133,703,133,1437
20260311_003005,baseline_vs_hybrid,50,9,3,hybrid,4,1.0,1.78,57.453,133,703,134,1472
20260311_003005,baseline_vs_hybrid,50,9,4,baseline,5,0.4,2.44,0.532,133,703,134,1472
20260311_003005,baseline_vs_hybrid,50,9,5,hybrid,6,0.6667,1.78,50.723,133,703,137,1505
20260311_003005,baseline_vs_hybrid,50,9,6,baseline,4,0.6,2.45,1.063,133,703,137,1505
20260311_003005,baseline_vs_hybrid,50,9,7,hybrid,5,0.75,1.83,58.993,133,703,137,1541
20260311_003005,baseline_vs_hybrid,50,9,8,baseline,4,0.6,2.42,0.842,133,703,137,1541
20260311_003005,baseline_vs_hybrid,50,9,9,hybrid,3,0.5,1.78,48.973,133,703,139,1572
20260311_003005,baseline_vs_hybrid,50,9,10,baseline,4,1.0,2.54,0.459,133,703,139,1572
20260311_003005,baseline_vs_hybrid,50,9,11,hybrid,3,0.5,1.83,24.544,133,703,139,1586
20260311_003005,baseline_vs_hybrid,50,9,12,baseline,4,1.0,2.38,0.101,133,703,139,1586
20260311_003005,baseline_vs_hybrid,50,10,1,baseline,0,0.6,2.47,1.185,133,703,139,1586
20260311_003005,baseline_vs_hybrid,50,10,2,hybrid,0,1.0,1.78,35.122,133,703,153,1608
20260311_003005,baseline_vs_hybrid,50,10,3,baseline,3,0.6667,2.39,0.863,133,703,153,1608
20260311_003005,baseline_vs_hybrid,50,10,4,hybrid,0,1.0,1.78,59.529,133,703,153,1644
20260311_003005,baseline_vs_hybrid,50,10,5,baseline,1,0.8889,2.43,0.471,133,703,153,1644
20260311_003005,baseline_vs_hybrid,50,10,6,hybrid,2,0.5,1.78,13.816,133,703,153,1654
20260311_003005,baseline_vs_hybrid,50,10,7,baseline,2,0.8,2.46,0.578,133,703,153,1654
20260311_003005,baseline_vs_hybrid,50,10,8,hybrid,1,0.75,1.83,54.772,133,703,153,1687
20260311_003005,baseline_vs_hybrid,50,10,9,baseline,0,0.6667,2.41,0.363,133,703,153,1687
20260311_003005,baseline_vs_hybrid,50,10,10,hybrid,1,0.5,1.78,22.601,133,703,153,1703
20260311_003005,baseline_vs_hybrid,50,10,11,baseline,2,0.5455,2.47,0.359,133,703,153,1703
20260311_003005,baseline_vs_hybrid,50,10,12,hybrid,1,1.0,1.83,42.075,133,703,153,1731
20260311_003005,baseline_vs_hybrid,50,10,13,baseline,2,0.4545,2.41,0.171,133,703,153,1731
20260311_003005,baseline_vs_hybrid,50,10,14,hybrid,1,1.0,1.61,12.563,133,703,153,1737
